{"cameraMode":{"drawMode":0,"name":"Shaded","section":"Shading Mode"},"sceneLighting":true,"audioPlay":false,"sceneViewState":{"showFog":true,"showMaterialUpdate":false,"showSkybox":true,"showFlares":true,"showImageEffects":true,"showParticleSystems":true,"showVisualEffectGraphs":true,"m_FxEnabled":true},"in2DMode":false,"pivot":{"x":0.3400037884712219,"y":-0.37765970826148989,"z":-0.1520480513572693},"rotation":{"x":0.0043929279781877998,"y":-0.9647170305252075,"z":0.2632574737071991,"w":0.015642311424016954},"size":0.8562175631523132,"orthographic":false}