{"cameraMode":{"drawMode":0,"name":"Shaded","section":"Shading Mode"},"sceneLighting":true,"audioPlay":false,"sceneViewState":{"showFog":true,"showMaterialUpdate":false,"showSkybox":true,"showFlares":true,"showImageEffects":true,"showParticleSystems":true,"showVisualEffectGraphs":true,"m_FxEnabled":true},"in2DMode":false,"pivot":{"x":0.5588759183883667,"y":0.4701521098613739,"z":0.3876311779022217},"rotation":{"x":-0.005074779968708754,"y":0.10331466794013977,"z":0.0005297148018144071,"w":0.9946397542953491},"size":0.7930164933204651,"orthographic":false}